26aef904-84bc-45e8-85a4-89d18c16a7f2,"[NYC,Ny,36th]"
26aef904-84bc-45e8-85a4-89d18c16a7f2,"[NYC,Ny,37th]"
26aef904-84bc-45e8-85a4-89d18c16a7f2,"[NYC,Ny,38th]"
130b9343-292d-4197-8d0f-3f7060f2358c,"[NYC,Ny,36th]"
130b9343-292d-4197-8d0f-3f7060f2358c,"[NYC,Ny,37th]"
130b9343-292d-4197-8d0f-3f7060f2358c,"[NYC,Ny,38th]"
36d14640-a452-43a7-986b-9090a449a83b,"[NYC,Ny,36th]"
36d14640-a452-43a7-986b-9090a449a83b,"[NYC,Ny,37th]"
36d14640-a452-43a7-986b-9090a449a83b,"[NYC,Ny,38th]"
c80941ba-9d15-45f9-a93a-47039a696a61,"[NYC,Ny,36th]"
c80941ba-9d15-45f9-a93a-47039a696a61,"[NYC,Ny,37th]"
c80941ba-9d15-45f9-a93a-47039a696a61,"[NYC,Ny,38th]"
cd7d5b10-0947-4f88-8485-b44814aa4c5c,"[NYC,Ny,36th]"
cd7d5b10-0947-4f88-8485-b44814aa4c5c,"[NYC,Ny,37th]"
cd7d5b10-0947-4f88-8485-b44814aa4c5c,"[NYC,Ny,38th]"
154e4293-cf80-4992-8831-fef1af7a7295,"[NYC,Ny,36th]"
154e4293-cf80-4992-8831-fef1af7a7295,"[NYC,Ny,37th]"
154e4293-cf80-4992-8831-fef1af7a7295,"[NYC,Ny,38th]"
584b7f18-6f14-4611-aaa6-4d2bcab6d8b0,"[NYC,Ny,36th]"
584b7f18-6f14-4611-aaa6-4d2bcab6d8b0,"[NYC,Ny,37th]"
584b7f18-6f14-4611-aaa6-4d2bcab6d8b0,"[NYC,Ny,38th]"
